,Path
0,plant_imgs/Araucaria-heterophylla/4.jpg
1,plant_imgs/Arisaema-sikokianum/4.jpg
3,plant_imgs/Begonia-masoniana/4.jpg
4,plant_imgs/Iris-Noctambule-(TB)/4.jpg
5,plant_imgs/Malus-Jelly-King-Mattfru/4.jpg
7,plant_imgs/Campanula-fenestrellata/4.jpg
8,plant_imgs/Epimedium-Flowers-of-Sulphur-(PBR)/4.jpg
9,plant_imgs/Dahlia-Bright-Eyes-(Sin)/4.jpg
11,plant_imgs/Bougainvillea-x-buttiana-Poulton-s-Special/4.jpg
12,plant_imgs/Coriandrum-sativum-Confetti/4.jpg
13,plant_imgs/Fuchsia-Roualeyn-s-White-Gold-(d)/4.jpg
14,plant_imgs/Cortaderia-selloana-Highfield-Pink/4.jpg
15,plant_imgs/Corydalis-Craigton-Blue/4.jpg
16,plant_imgs/Alstroemeria-Princess-Sara-Staprisara-(PBR)-(Princess-Series)/4.jpg
17,plant_imgs/Dieffenbachia-Camille-(v)/4.jpg
18,plant_imgs/Iris-Dreaming-Yellow-(Sib)/4.jpg
19,plant_imgs/Darmera-peltata/4.jpg
22,plant_imgs/Cordyline-Southern-Splendour-(v)/4.jpg
23,plant_imgs/Lathyrus-vernus-Dama-Emily/4.jpg
24,plant_imgs/Ilex-crenata-Convexa-(f)/4.jpg
25,plant_imgs/Dianthus-Devon-Zane-(p)/4.jpg
26,plant_imgs/Penstemon-Elgar-Light-of-Life-(Elgar-Series)/4.jpg
28,plant_imgs/Correa-pulchella/4.jpg
29,plant_imgs/Acanthus-spinosus-L/4.jpg
31,plant_imgs/Streptocarpus-Sioned/4.jpg
33,plant_imgs/Cercis-canadensis-Ruby-Falls-(PBR)/4.jpg
34,plant_imgs/Dahlia-Pulp-Fiction-Vdtg61-(PBR)-(Dark-Angel-Series)-(Sin)/4.jpg
36,plant_imgs/Hosta-Little-Jay-(v)/4.jpg
37,plant_imgs/Hepatica-nobilis-blue-flowered/4.jpg
39,plant_imgs/Alstroemeria-Inca-Coral-Konocoral-(Inca-Series)/4.jpg
40,plant_imgs/Clematis-Dancing-Queen-Zodaque-(PBR)-(EL)/4.jpg
41,plant_imgs/Lupinus-Beefeater/4.jpg
43,plant_imgs/Lilium-Julie-Fowlis-(PBR)-(VIIIb-a-b)/4.jpg
44,plant_imgs/Rosa-Sunny-Sky-Koraruli-(PBR)-(HT)/4.jpg
45,plant_imgs/Begonia-heracleifolia/4.jpg
47,plant_imgs/Thalictrum-Anne-(PBR)/4.jpg
48,plant_imgs/Fuchsia-Delicate-Purple/4.jpg
50,plant_imgs/Rosa-Rambling-Rector-(Ra)/4.jpg
52,plant_imgs/Hosta-Shade-Fanfare-(v)/4.jpg
